{
  "level": "level_2",
  "n_episodes": 250,
  "perfect_rate": 0.0,
  "truncated_rate": 0.0,
  "score_mean": 0.0,
  "score_min": 0,
  "score_max": 0,
  "failed_orders": {
    "mean": 3.0,
    "sum": 750,
    "max": 3.0
  },
  "unserved_active_end": {
    "mean": 0.0,
    "sum": 0,
    "max": 0.0
  },
  "steps": {
    "mean": 901.188,
    "sum": 225297,
    "max": 950.0
  },
  "total_reward": {
    "mean": -15.260919999999873,
    "sum": -3815,
    "max": -12.039999999999884
  },
  "end_reasons": {
    "terminated": 250
  },
  "events": {
    "wrong_serve_attempts": {
      "mean": 0.0,
      "sum": 0,
      "max": 0.0
    },
    "not_done_serve_attempts": {
      "mean": 0.0,
      "sum": 0,
      "max": 0.0
    },
    "wrong_done_soup_pickups": {
      "mean": 0.0,
      "sum": 0,
      "max": 0.0
    },
    "burnt_soup_pickups": {
      "mean": 0.0,
      "sum": 0,
      "max": 0.0
    },
    "wrong_pot_adds": {
      "mean": 4.42,
      "sum": 1105,
      "max": 89.0
    },
    "wrong_pot_add_seeds": [
      1,
      5,
      9,
      10,
      13,
      15,
      17,
      18,
      23,
      30,
      32,
      35,
      36,
      37,
      42,
      43,
      45,
      48,
      50,
      53,
      62,
      65,
      69,
      71,
      72,
      74,
      76,
      83,
      84,
      87,
      88,
      92,
      96,
      97,
      99,
      101,
      105,
      107,
      109,
      110,
      111,
      112,
      115,
      135,
      139,
      148,
      150,
      153,
      154,
      155,
      156,
      160,
      161,
      168,
      170,
      171,
      172,
      174,
      175,
      178,
      186,
      191,
      193,
      195,
      196,
      197,
      199,
      202,
      203,
      204,
      205,
      208,
      209,
      218,
      219,
      223,
      228,
      230,
      231,
      236,
      237,
      240,
      241,
      244,
      246
    ],
    "collision_attempts": {
      "mean": 0.0,
      "sum": 0,
      "max": 0.0
    },
    "stuck_penalty_steps": {
      "mean": 0.0,
      "sum": 0,
      "max": 0.0
    },
    "both_idle_steps": {
      "mean": 18.624,
      "sum": 4656,
      "max": 296.0
    }
  }
}