{
  "level": "level_2",
  "n_episodes": 250,
  "perfect_rate": 0.0,
  "truncated_rate": 0.0,
  "score_mean": 0.0,
  "score_min": 0,
  "score_max": 0,
  "failed_orders": {
    "mean": 3.0,
    "sum": 750,
    "max": 3.0
  },
  "unserved_active_end": {
    "mean": 0.0,
    "sum": 0,
    "max": 0.0
  },
  "steps": {
    "mean": 901.188,
    "sum": 225297,
    "max": 950.0
  },
  "total_reward": {
    "mean": -15.140919999999872,
    "sum": -3785,
    "max": -13.069999999999862
  },
  "end_reasons": {
    "terminated": 250
  },
  "events": {
    "wrong_serve_attempts": {
      "mean": 0.0,
      "sum": 0,
      "max": 0.0
    },
    "not_done_serve_attempts": {
      "mean": 0.0,
      "sum": 0,
      "max": 0.0
    },
    "wrong_done_soup_pickups": {
      "mean": 0.0,
      "sum": 0,
      "max": 0.0
    },
    "burnt_soup_pickups": {
      "mean": 0.0,
      "sum": 0,
      "max": 0.0
    },
    "wrong_pot_adds": {
      "mean": 2.852,
      "sum": 713,
      "max": 56.0
    },
    "wrong_pot_add_seeds": [
      1,
      5,
      6,
      9,
      13,
      15,
      17,
      18,
      26,
      30,
      32,
      35,
      36,
      37,
      38,
      39,
      42,
      43,
      45,
      46,
      48,
      50,
      53,
      54,
      61,
      62,
      65,
      69,
      71,
      73,
      74,
      76,
      79,
      83,
      84,
      88,
      92,
      94,
      96,
      97,
      99,
      101,
      105,
      107,
      109,
      110,
      111,
      112,
      115,
      119,
      125,
      135,
      139,
      140,
      147,
      148,
      149,
      150,
      153,
      154,
      155,
      156,
      158,
      161,
      169,
      170,
      171,
      172,
      174,
      175,
      177,
      178,
      191,
      193,
      194,
      195,
      196,
      197,
      198,
      199,
      201,
      202,
      203,
      205,
      207,
      208,
      209,
      216,
      218,
      223,
      229,
      230,
      231,
      236,
      237,
      238,
      239,
      240,
      241,
      244,
      246
    ],
    "collision_attempts": {
      "mean": 0.0,
      "sum": 0,
      "max": 0.0
    },
    "stuck_penalty_steps": {
      "mean": 0.0,
      "sum": 0,
      "max": 0.0
    },
    "both_idle_steps": {
      "mean": 1.832,
      "sum": 458,
      "max": 33.0
    }
  }
}