{
  "level": "level_2",
  "n_episodes": 250,
  "perfect_rate": 0.0,
  "truncated_rate": 0.0,
  "score_mean": 0.012,
  "score_min": 0,
  "score_max": 1,
  "failed_orders": {
    "mean": 2.988,
    "sum": 747,
    "max": 3.0
  },
  "unserved_active_end": {
    "mean": 0.0,
    "sum": 0,
    "max": 0.0
  },
  "steps": {
    "mean": 901.188,
    "sum": 225297,
    "max": 950.0
  },
  "total_reward": {
    "mean": -10.34803999999988,
    "sum": -2587,
    "max": 18.499999999999666
  },
  "end_reasons": {
    "terminated": 250
  },
  "events": {
    "wrong_serve_attempts": {
      "mean": 0.0,
      "sum": 0,
      "max": 0.0
    },
    "not_done_serve_attempts": {
      "mean": 0.0,
      "sum": 0,
      "max": 0.0
    },
    "wrong_done_soup_pickups": {
      "mean": 0.004,
      "sum": 1,
      "max": 1.0
    },
    "burnt_soup_pickups": {
      "mean": 0.0,
      "sum": 0,
      "max": 0.0
    },
    "wrong_pot_adds": {
      "mean": 16.22,
      "sum": 4055,
      "max": 329.0
    },
    "wrong_pot_add_seeds": [
      129,
      2,
      5,
      13,
      16,
      18,
      147,
      148,
      150,
      24,
      153,
      156,
      30,
      35,
      37,
      39,
      168,
      43,
      45,
      174,
      48,
      53,
      54,
      57,
      60,
      191,
      64,
      65,
      193,
      195,
      69,
      197,
      71,
      198,
      199,
      202,
      205,
      206,
      208,
      83,
      88,
      219,
      92,
      94,
      223,
      97,
      99,
      101,
      231,
      109,
      237,
      111,
      112,
      240,
      241,
      115,
      246,
      119,
      249
    ],
    "collision_attempts": {
      "mean": 0.0,
      "sum": 0,
      "max": 0.0
    },
    "stuck_penalty_steps": {
      "mean": 0.0,
      "sum": 0,
      "max": 0.0
    },
    "both_idle_steps": {
      "mean": 170.976,
      "sum": 42744,
      "max": 428.0
    }
  }
}