{
  "level": "level_2",
  "n_episodes": 250,
  "perfect_rate": 0.008,
  "truncated_rate": 0.0,
  "score_mean": 0.484,
  "score_min": 0,
  "score_max": 3,
  "failed_orders": {
    "mean": 2.516,
    "sum": 629,
    "max": 3.0
  },
  "unserved_active_end": {
    "mean": 0.0,
    "sum": 0,
    "max": 0.0
  },
  "steps": {
    "mean": 897.748,
    "sum": 224437,
    "max": 950.0
  },
  "total_reward": {
    "mean": 5.967999999999878,
    "sum": 1491,
    "max": 81.01000000000015
  },
  "end_reasons": {
    "terminated": 250
  },
  "events": {
    "wrong_serve_attempts": {
      "mean": 0.024,
      "sum": 6,
      "max": 2.0
    },
    "not_done_serve_attempts": {
      "mean": 0.0,
      "sum": 0,
      "max": 0.0
    },
    "wrong_done_soup_pickups": {
      "mean": 0.312,
      "sum": 78,
      "max": 1.0
    },
    "burnt_soup_pickups": {
      "mean": 0.0,
      "sum": 0,
      "max": 0.0
    },
    "wrong_pot_adds": {
      "mean": 5.064,
      "sum": 1266,
      "max": 196.0
    },
    "wrong_pot_add_seeds": [
      1,
      9,
      13,
      15,
      17,
      18,
      30,
      32,
      35,
      36,
      37,
      39,
      42,
      43,
      45,
      48,
      50,
      53,
      54,
      60,
      65,
      69,
      71,
      74,
      76,
      83,
      84,
      88,
      92,
      96,
      97,
      99,
      101,
      105,
      107,
      109,
      110,
      111,
      115,
      135,
      139,
      147,
      148,
      150,
      153,
      154,
      155,
      156,
      161,
      170,
      171,
      172,
      175,
      178,
      191,
      193,
      195,
      196,
      197,
      199,
      202,
      203,
      205,
      206,
      208,
      209,
      218,
      223,
      230,
      231,
      232,
      236,
      237,
      240,
      241,
      244,
      246
    ],
    "collision_attempts": {
      "mean": 0.0,
      "sum": 0,
      "max": 0.0
    },
    "stuck_penalty_steps": {
      "mean": 0.0,
      "sum": 0,
      "max": 0.0
    },
    "both_idle_steps": {
      "mean": 54.792,
      "sum": 13698,
      "max": 185.0
    }
  }
}