{
  "level": "level_2",
  "n_episodes": 250,
  "perfect_rate": 0.0,
  "truncated_rate": 0.0,
  "score_mean": 0.0,
  "score_min": 0,
  "score_max": 0,
  "failed_orders": {
    "mean": 3.0,
    "sum": 750,
    "max": 3.0
  },
  "unserved_active_end": {
    "mean": 0.0,
    "sum": 0,
    "max": 0.0
  },
  "steps": {
    "mean": 901.188,
    "sum": 225297,
    "max": 950.0
  },
  "total_reward": {
    "mean": -10.470799999999885,
    "sum": -2617,
    "max": -0.9999999999999012
  },
  "end_reasons": {
    "terminated": 250
  },
  "events": {
    "wrong_serve_attempts": {
      "mean": 0.0,
      "sum": 0,
      "max": 0.0
    },
    "not_done_serve_attempts": {
      "mean": 0.0,
      "sum": 0,
      "max": 0.0
    },
    "wrong_done_soup_pickups": {
      "mean": 0.016,
      "sum": 4,
      "max": 1.0
    },
    "burnt_soup_pickups": {
      "mean": 0.0,
      "sum": 0,
      "max": 0.0
    },
    "wrong_pot_adds": {
      "mean": 9.512,
      "sum": 2378,
      "max": 139.0
    },
    "wrong_pot_add_seeds": [
      132,
      7,
      135,
      139,
      13,
      17,
      18,
      148,
      150,
      153,
      26,
      154,
      155,
      156,
      30,
      161,
      34,
      35,
      36,
      37,
      42,
      43,
      170,
      45,
      171,
      172,
      48,
      178,
      53,
      184,
      191,
      65,
      193,
      195,
      196,
      69,
      197,
      71,
      199,
      74,
      202,
      203,
      205,
      208,
      209,
      83,
      84,
      88,
      218,
      92,
      223,
      96,
      97,
      101,
      231,
      105,
      109,
      110,
      111,
      237,
      113,
      240,
      115,
      241,
      244,
      245,
      246,
      123,
      126
    ],
    "collision_attempts": {
      "mean": 0.0,
      "sum": 0,
      "max": 0.0
    },
    "stuck_penalty_steps": {
      "mean": 0.0,
      "sum": 0,
      "max": 0.0
    },
    "both_idle_steps": {
      "mean": 52.28,
      "sum": 13070,
      "max": 280.0
    }
  }
}