{
  "level": "level_3",
  "n_episodes": 250,
  "perfect_rate": 0.0,
  "truncated_rate": 0.0,
  "score_mean": 0.036,
  "score_min": 0,
  "score_max": 1,
  "failed_orders": {
    "mean": 2.964,
    "sum": 741,
    "max": 3.0
  },
  "unserved_active_end": {
    "mean": 0.0,
    "sum": 0,
    "max": 0.0
  },
  "steps": {
    "mean": 895.716,
    "sum": 223929,
    "max": 950.0
  },
  "total_reward": {
    "mean": -16.71407999999992,
    "sum": -4178,
    "max": 9.490000000000071
  },
  "end_reasons": {
    "terminated": 250
  },
  "events": {
    "wrong_serve_attempts": {
      "mean": 0.0,
      "sum": 0,
      "max": 0.0
    },
    "not_done_serve_attempts": {
      "mean": 0.064,
      "sum": 16,
      "max": 1.0
    },
    "wrong_done_soup_pickups": {
      "mean": 0.0,
      "sum": 0,
      "max": 0.0
    },
    "burnt_soup_pickups": {
      "mean": 0.348,
      "sum": 87,
      "max": 1.0
    },
    "wrong_pot_adds": {
      "mean": 125.884,
      "sum": 31471,
      "max": 650.0
    },
    "wrong_pot_add_seeds": [
      3,
      5,
      10,
      11,
      12,
      16,
      19,
      23,
      24,
      31,
      39,
      44,
      46,
      47,
      54,
      55,
      57,
      58,
      59,
      60,
      62,
      63,
      72,
      73,
      77,
      79,
      84,
      85,
      86,
      87,
      91,
      93,
      94,
      95,
      100,
      106,
      108,
      112,
      114,
      117,
      119,
      121,
      122,
      125,
      129,
      130,
      134,
      136,
      141,
      142,
      144,
      147,
      149,
      159,
      160,
      164,
      168,
      174,
      175,
      176,
      183,
      186,
      187,
      192,
      198,
      200,
      204,
      206,
      212,
      214,
      215,
      219,
      220,
      222,
      226,
      228,
      229,
      234,
      238,
      243,
      247,
      248
    ],
    "collision_attempts": {
      "mean": 25.592,
      "sum": 6398,
      "max": 231.0
    },
    "stuck_penalty_steps": {
      "mean": 0.0,
      "sum": 0,
      "max": 0.0
    },
    "both_idle_steps": {
      "mean": 0.836,
      "sum": 209,
      "max": 32.0
    }
  }
}