{
  "level": "level_3",
  "n_episodes": 250,
  "perfect_rate": 0.064,
  "truncated_rate": 0.0,
  "score_mean": 0.62,
  "score_min": 0,
  "score_max": 3,
  "failed_orders": {
    "mean": 2.38,
    "sum": 595,
    "max": 3.0
  },
  "unserved_active_end": {
    "mean": 0.0,
    "sum": 0,
    "max": 0.0
  },
  "steps": {
    "mean": 877.272,
    "sum": 219318,
    "max": 950.0
  },
  "total_reward": {
    "mean": 1.7062799999998768,
    "sum": 426,
    "max": 82.28000000000007
  },
  "end_reasons": {
    "terminated": 250
  },
  "events": {
    "wrong_serve_attempts": {
      "mean": 0.048,
      "sum": 12,
      "max": 1.0
    },
    "not_done_serve_attempts": {
      "mean": 0.224,
      "sum": 56,
      "max": 1.0
    },
    "wrong_done_soup_pickups": {
      "mean": 0.024,
      "sum": 6,
      "max": 1.0
    },
    "burnt_soup_pickups": {
      "mean": 0.356,
      "sum": 89,
      "max": 1.0
    },
    "wrong_pot_adds": {
      "mean": 0.336,
      "sum": 84,
      "max": 1.0
    },
    "wrong_pot_add_seeds": [
      1,
      6,
      9,
      13,
      15,
      17,
      18,
      23,
      26,
      30,
      32,
      35,
      36,
      37,
      38,
      42,
      43,
      45,
      48,
      50,
      53,
      61,
      65,
      69,
      71,
      74,
      76,
      83,
      84,
      88,
      92,
      96,
      97,
      99,
      101,
      105,
      107,
      109,
      110,
      111,
      115,
      135,
      139,
      140,
      148,
      150,
      153,
      154,
      155,
      156,
      158,
      161,
      169,
      170,
      171,
      172,
      177,
      178,
      191,
      193,
      194,
      195,
      196,
      197,
      199,
      201,
      202,
      203,
      205,
      207,
      208,
      209,
      216,
      218,
      223,
      230,
      231,
      236,
      237,
      239,
      240,
      241,
      244,
      246
    ],
    "collision_attempts": {
      "mean": 121.98,
      "sum": 30495,
      "max": 680.0
    },
    "stuck_penalty_steps": {
      "mean": 0.0,
      "sum": 0,
      "max": 0.0
    },
    "both_idle_steps": {
      "mean": 39.788,
      "sum": 9947,
      "max": 331.0
    }
  }
}