{
  "level": "level_1",
  "n_episodes": 2500,
  "perfect_rate": 0.004,
  "truncated_rate": 0.0,
  "score_mean": 1.24,
  "score_min": 1,
  "score_max": 3,
  "failed_orders": {
    "mean": 1.76,
    "sum": 4400,
    "max": 2.0
  },
  "unserved_active_end": {
    "mean": 0.0,
    "sum": 0,
    "max": 0.0
  },
  "steps": {
    "mean": 899.8412,
    "sum": 2249603,
    "max": 950.0
  },
  "total_reward": {
    "mean": 18.895095999999473,
    "sum": 47237,
    "max": 78.98000000000016
  },
  "end_reasons": {
    "terminated": 2500
  },
  "events": {
    "wrong_serve_attempts": {
      "mean": 0.0288,
      "sum": 72,
      "max": 1.0
    },
    "not_done_serve_attempts": {
      "mean": 0.0,
      "sum": 0,
      "max": 0.0
    },
    "wrong_done_soup_pickups": {
      "mean": 0.0056,
      "sum": 14,
      "max": 1.0
    },
    "burnt_soup_pickups": {
      "mean": 0.0,
      "sum": 0,
      "max": 0.0
    },
    "wrong_pot_adds": {
      "mean": 11.434,
      "sum": 28585,
      "max": 165.0
    },
    "wrong_pot_add_seeds": [
      10240,
      11267,
      11270,
      10765,
      11791,
      10258,
      11794,
      11285,
      10262,
      12312,
      12313,
      10780,
      12318,
      10271,
      10783,
      10786,
      10277,
      11306,
      10795,
      11819,
      11830,
      10297,
      10300,
      10813,
      11839,
      10307,
      12357,
      10822,
      12359,
      10314,
      12362,
      10828,
      10833,
      10326,
      10327,
      10328,
      10841,
      11862,
      11864,
      11356,
      11865,
      10334,
      11868,
      11869,
      11870,
      10850,
      11875,
      12385,
      10859,
      10348,
      11887,
      11888,
      10866,
      10355,
      11891,
      11381,
      10870,
      11895,
      10872,
      12409,
      11390,
      11904,
      10373,
      10888,
      11401,
      11912,
      10379,
      11916,
      11409,
      11410,
      11925,
      11417,
      11422,
      10911,
      11423,
      11935,
      11936,
      12447,
      12451,
      11941,
      12453,
      10920,
      11435,
      10924,
      11949,
      11956,
      10423,
      11959,
      10937,
      10938,
      10939,
      12476,
      11456,
      12482,
      10948,
      11461,
      11973,
      10952,
      11976,
      10954,
      10443,
      10955,
      11472,
      11473,
      11985,
      10963,
      10452,
      10454,
      11990,
      10971,
      11996,
      11485,
      11998,
      10980,
      11492,
      12007,
      10995,
      10997,
      12021,
      11512,
      11514,
      11521,
      11528,
      11530,
      10508,
      12045,
      10513,
      12049,
      10003,
      12052,
      10520,
      11546,
      11036,
      11039,
      11552,
      10529,
      11554,
      11043,
      12066,
      12069,
      11561,
      10027,
      10539,
      10541,
      11053,
      12078,
      11062,
      11574,
      12096,
      12098,
      10051,
      11080,
      11082,
      11594,
      11596,
      10573,
      10062,
      10066,
      10069,
      12121,
      11610,
      11263,
      11613,
      12125,
      11104,
      11105,
      10082,
      10594,
      11616,
      10085,
      11620,
      12134,
      12136,
      12138,
      10607,
      10097,
      11634,
      11126,
      11638,
      10616,
      11129,
      10621,
      12159,
      11138,
      11139,
      11140,
      10629,
      10630,
      12164,
      10632,
      11656,
      10123,
      11147,
      12171,
      10638,
      10645,
      10134,
      10136,
      10649,
      10140,
      12190,
      11167,
      11686,
      11690,
      11694,
      10159,
      12206,
      11185,
      12210,
      10676,
      11195,
      10684,
      10688,
      10177,
      11202,
      10691,
      11712,
      12227,
      11718,
      11209,
      10186,
      10702,
      10703,
      11216,
      12239,
      12242,
      10707,
      12251,
      11742,
      10207,
      12255,
      10214,
      11240,
      11752,
      10219,
      12271,
      10738,
      12274,
      11254,
      11256,
      12281,
      11770,
      10749,
      10751
    ],
    "collision_attempts": {
      "mean": 24.3732,
      "sum": 60933,
      "max": 268.0
    },
    "stuck_penalty_steps": {
      "mean": 0.0,
      "sum": 0,
      "max": 0.0
    },
    "both_idle_steps": {
      "mean": 43.1856,
      "sum": 107964,
      "max": 241.0
    }
  }
}