{
  "level": "level_3",
  "n_episodes": 250,
  "perfect_rate": 0.0,
  "truncated_rate": 0.0,
  "score_mean": 0.184,
  "score_min": 0,
  "score_max": 1,
  "failed_orders": {
    "mean": 2.816,
    "sum": 704,
    "max": 3.0
  },
  "unserved_active_end": {
    "mean": 0.0,
    "sum": 0,
    "max": 0.0
  },
  "steps": {
    "mean": 892.584,
    "sum": 223146,
    "max": 950.0
  },
  "total_reward": {
    "mean": -10.743199999999975,
    "sum": -2685,
    "max": 18.12999999999967
  },
  "end_reasons": {
    "terminated": 250
  },
  "events": {
    "wrong_serve_attempts": {
      "mean": 0.184,
      "sum": 46,
      "max": 2.0
    },
    "not_done_serve_attempts": {
      "mean": 0.0,
      "sum": 0,
      "max": 0.0
    },
    "wrong_done_soup_pickups": {
      "mean": 0.024,
      "sum": 6,
      "max": 1.0
    },
    "burnt_soup_pickups": {
      "mean": 0.004,
      "sum": 1,
      "max": 1.0
    },
    "wrong_pot_adds": {
      "mean": 123.928,
      "sum": 30982,
      "max": 866.0
    },
    "wrong_pot_add_seeds": [
      1,
      6,
      9,
      10,
      11,
      13,
      15,
      17,
      18,
      26,
      30,
      31,
      32,
      35,
      36,
      37,
      38,
      42,
      43,
      44,
      45,
      48,
      50,
      52,
      53,
      61,
      65,
      69,
      70,
      71,
      74,
      76,
      77,
      80,
      83,
      84,
      85,
      87,
      88,
      90,
      92,
      95,
      96,
      97,
      98,
      99,
      101,
      103,
      105,
      107,
      109,
      110,
      111,
      115,
      126,
      133,
      135,
      139,
      140,
      141,
      148,
      150,
      151,
      153,
      154,
      155,
      156,
      158,
      159,
      161,
      164,
      169,
      170,
      171,
      172,
      176,
      177,
      178,
      183,
      187,
      191,
      192,
      193,
      194,
      195,
      196,
      197,
      199,
      201,
      202,
      203,
      205,
      207,
      208,
      209,
      216,
      218,
      222,
      223,
      226,
      230,
      231,
      236,
      237,
      239,
      240,
      241,
      244,
      246,
      248
    ],
    "collision_attempts": {
      "mean": 34.268,
      "sum": 8567,
      "max": 439.0
    },
    "stuck_penalty_steps": {
      "mean": 0.0,
      "sum": 0,
      "max": 0.0
    },
    "both_idle_steps": {
      "mean": 16.824,
      "sum": 4206,
      "max": 200.0
    }
  }
}