{
  "level": "level_3",
  "n_episodes": 250,
  "perfect_rate": 0.008,
  "truncated_rate": 0.0,
  "score_mean": 0.72,
  "score_min": 0,
  "score_max": 3,
  "failed_orders": {
    "mean": 2.28,
    "sum": 570,
    "max": 3.0
  },
  "unserved_active_end": {
    "mean": 0.0,
    "sum": 0,
    "max": 0.0
  },
  "steps": {
    "mean": 899.648,
    "sum": 224912,
    "max": 950.0
  },
  "total_reward": {
    "mean": 3.391879999999737,
    "sum": 847,
    "max": 74.50000000000011
  },
  "end_reasons": {
    "terminated": 250
  },
  "events": {
    "wrong_serve_attempts": {
      "mean": 0.004,
      "sum": 1,
      "max": 1.0
    },
    "not_done_serve_attempts": {
      "mean": 0.0,
      "sum": 0,
      "max": 0.0
    },
    "wrong_done_soup_pickups": {
      "mean": 0.0,
      "sum": 0,
      "max": 0.0
    },
    "burnt_soup_pickups": {
      "mean": 0.0,
      "sum": 0,
      "max": 0.0
    },
    "wrong_pot_adds": {
      "mean": 45.948,
      "sum": 11487,
      "max": 585.0
    },
    "wrong_pot_add_seeds": [
      1,
      2,
      131,
      132,
      8,
      9,
      14,
      146,
      20,
      151,
      26,
      27,
      28,
      29,
      154,
      155,
      36,
      37,
      165,
      41,
      43,
      171,
      173,
      49,
      50,
      51,
      52,
      179,
      182,
      56,
      184,
      185,
      61,
      190,
      64,
      194,
      67,
      68,
      70,
      71,
      74,
      203,
      81,
      213,
      89,
      221,
      225,
      99,
      230,
      103,
      233,
      107,
      236,
      113,
      242,
      245
    ],
    "collision_attempts": {
      "mean": 43.036,
      "sum": 10759,
      "max": 535.0
    },
    "stuck_penalty_steps": {
      "mean": 0.0,
      "sum": 0,
      "max": 0.0
    },
    "both_idle_steps": {
      "mean": 19.204,
      "sum": 4801,
      "max": 294.0
    }
  }
}