{
  "level": "level_3",
  "n_episodes": 2500,
  "perfect_rate": 0.6792,
  "truncated_rate": 0.0,
  "score_mean": 2.4384,
  "score_min": 1,
  "score_max": 3,
  "failed_orders": {
    "mean": 0.5616,
    "sum": 1404,
    "max": 2.0
  },
  "unserved_active_end": {
    "mean": 0.0,
    "sum": 0,
    "max": 0.0
  },
  "steps": {
    "mean": 737.788,
    "sum": 1844470,
    "max": 950.0
  },
  "total_reward": {
    "mean": 61.55854799999992,
    "sum": 153896,
    "max": 84.2600000000001
  },
  "end_reasons": {
    "terminated": 2500
  },
  "events": {
    "wrong_serve_attempts": {
      "mean": 0.0048,
      "sum": 12,
      "max": 1.0
    },
    "not_done_serve_attempts": {
      "mean": 0.026,
      "sum": 65,
      "max": 1.0
    },
    "wrong_done_soup_pickups": {
      "mean": 0.0048,
      "sum": 12,
      "max": 1.0
    },
    "burnt_soup_pickups": {
      "mean": 0.054,
      "sum": 135,
      "max": 1.0
    },
    "wrong_pot_adds": {
      "mean": 0.5156,
      "sum": 1289,
      "max": 356.0
    },
    "wrong_pot_add_seeds": [
      11783,
      10761,
      11792,
      11798,
      11805,
      12320,
      11305,
      10282,
      12331,
      10284,
      11822,
      11324,
      10825,
      11337,
      12366,
      11349,
      11357,
      10340,
      10860,
      10869,
      12416,
      11393,
      10890,
      10895,
      11920,
      10901,
      10391,
      11947,
      10932,
      11444,
      11445,
      10423,
      12475,
      10940,
      11454,
      10944,
      12481,
      11970,
      11464,
      11467,
      11470,
      12495,
      10448,
      11486,
      10978,
      10981,
      11503,
      10994,
      11507,
      11003,
      11518,
      12032,
      11011,
      12040,
      10005,
      12057,
      11037,
      10016,
      11045,
      10536,
      10025,
      11562,
      11051,
      12087,
      12089,
      11584,
      10564,
      11076,
      11078,
      11588,
      11768,
      11594,
      11604,
      10593,
      11620,
      11111,
      11113,
      11635,
      10615,
      10103,
      12151,
      11646,
      10115,
      10117,
      11148,
      10646,
      10145,
      12193,
      10154,
      11691,
      10671,
      10160,
      11704,
      11203,
      12227,
      12229,
      10696,
      12234,
      11215,
      10192,
      10706,
      10708,
      10711,
      10714,
      11738,
      12250,
      10718,
      11231,
      12254,
      10213,
      11751,
      11754,
      10222,
      10232,
      11257,
      10236
    ],
    "collision_attempts": {
      "mean": 3.5812,
      "sum": 8953,
      "max": 230.0
    },
    "stuck_penalty_steps": {
      "mean": 0.0,
      "sum": 0,
      "max": 0.0
    },
    "both_idle_steps": {
      "mean": 19.0272,
      "sum": 47568,
      "max": 234.0
    }
  }
}