{
  "level": "level_3",
  "n_episodes": 2500,
  "perfect_rate": 0.8752,
  "truncated_rate": 0.0,
  "score_mean": 2.8184,
  "score_min": 1,
  "score_max": 3,
  "failed_orders": {
    "mean": 0.1816,
    "sum": 454,
    "max": 2.0
  },
  "unserved_active_end": {
    "mean": 0.0,
    "sum": 0,
    "max": 0.0
  },
  "steps": {
    "mean": 709.6412,
    "sum": 1774103,
    "max": 950.0
  },
  "total_reward": {
    "mean": 74.86776400000004,
    "sum": 187169,
    "max": 83.92000000000007
  },
  "end_reasons": {
    "terminated": 2500
  },
  "events": {
    "wrong_serve_attempts": {
      "mean": 0.012,
      "sum": 30,
      "max": 1.0
    },
    "not_done_serve_attempts": {
      "mean": 0.0048,
      "sum": 12,
      "max": 1.0
    },
    "wrong_done_soup_pickups": {
      "mean": 0.0188,
      "sum": 47,
      "max": 2.0
    },
    "burnt_soup_pickups": {
      "mean": 0.0092,
      "sum": 23,
      "max": 1.0
    },
    "wrong_pot_adds": {
      "mean": 1.3008,
      "sum": 3252,
      "max": 224.0
    },
    "wrong_pot_add_seeds": [
      11776,
      12289,
      11272,
      11784,
      10762,
      10255,
      10768,
      11791,
      10770,
      11282,
      11795,
      12311,
      10776,
      10779,
      11291,
      11803,
      11294,
      11804,
      12317,
      10273,
      11298,
      12322,
      12324,
      10278,
      12327,
      12332,
      10288,
      10803,
      11828,
      11829,
      11838,
      11330,
      10309,
      11335,
      11847,
      10315,
      11340,
      10317,
      10318,
      10319,
      10832,
      11856,
      12365,
      10326,
      10327,
      10838,
      11864,
      11355,
      10846,
      10335,
      10853,
      12389,
      11880,
      10349,
      10350,
      10862,
      10353,
      11893,
      10871,
      11384,
      10361,
      10873,
      11895,
      12413,
      10878,
      11395,
      12420,
      10886,
      11400,
      10378,
      10892,
      11917,
      12428,
      11921,
      11411,
      10389,
      11925,
      11415,
      12439,
      12441,
      10397,
      11427,
      10404,
      11428,
      11430,
      11939,
      11942,
      10921,
      10922,
      11947,
      10412,
      12452,
      11438,
      11956,
      11445,
      12476,
      11968,
      10946,
      10439,
      11464,
      12490,
      11468,
      10957,
      11469,
      10959,
      10448,
      11471,
      12496,
      10966,
      10968,
      10459,
      10971,
      10972,
      11485,
      11998,
      10976,
      10977,
      12000,
      12004,
      10469,
      10983,
      12008,
      10474,
      11498,
      12019,
      11000,
      11001,
      11002,
      11004,
      12035,
      12036,
      11014,
      10503,
      11016,
      11527,
      10506,
      11529,
      11531,
      12041,
      12044,
      11536,
      11025,
      11026,
      12049,
      10516,
      10518,
      11542,
      10010,
      10015,
      11040,
      11556,
      10021,
      10022,
      11046,
      11047,
      12070,
      10539,
      11051,
      11052,
      10542,
      10543,
      10032,
      11567,
      12075,
      12076,
      12086,
      11580,
      10559,
      11583,
      11591,
      12105,
      10570,
      11083,
      11084,
      11085,
      10574,
      10577,
      11602,
      11092,
      10581,
      12117,
      10073,
      11098,
      11099,
      11610,
      11611,
      10078,
      11102,
      10592,
      10081,
      11103,
      11772,
      12128,
      11621,
      11110,
      11623,
      11114,
      12141,
      11118,
      11119,
      12145,
      10101,
      11639,
      10107,
      11644,
      11133,
      10622,
      10110,
      12157,
      11650,
      10116,
      10633,
      10124,
      10126,
      10639,
      12176,
      10642,
      12180,
      12182,
      10135,
      10653,
      11684,
      10150,
      12199,
      10153,
      10157,
      11183,
      10161,
      11185,
      11186,
      11702,
      12216,
      10683,
      10684,
      10685,
      11196,
      11199,
      11709,
      11710,
      10178,
      11712,
      12230,
      12232,
      11209,
      11723,
      10192,
      10709,
      10198,
      10711,
      10714,
      12250,
      10205,
      10717,
      11743,
      11747,
      12260,
      10215,
      12263,
      11753,
      11242,
      11754,
      10732,
      10734,
      11246,
      11758,
      10737,
      12271,
      10739,
      12274,
      12277,
      11258,
      11771,
      11260,
      10238
    ],
    "collision_attempts": {
      "mean": 3.5496,
      "sum": 8874,
      "max": 164.0
    },
    "stuck_penalty_steps": {
      "mean": 0.0,
      "sum": 0,
      "max": 0.0
    },
    "both_idle_steps": {
      "mean": 88.2672,
      "sum": 220668,
      "max": 317.0
    }
  }
}