{
  "level": "level_1",
  "n_episodes": 250,
  "perfect_rate": 0.0,
  "truncated_rate": 0.0,
  "score_mean": 0.008,
  "score_min": 0,
  "score_max": 1,
  "failed_orders": {
    "mean": 2.992,
    "sum": 748,
    "max": 3.0
  },
  "unserved_active_end": {
    "mean": 0.0,
    "sum": 0,
    "max": 0.0
  },
  "steps": {
    "mean": 900.268,
    "sum": 225067,
    "max": 950.0
  },
  "total_reward": {
    "mean": -14.908639999999874,
    "sum": -3727,
    "max": 14.840000000000087
  },
  "end_reasons": {
    "terminated": 250
  },
  "events": {
    "wrong_serve_attempts": {
      "mean": 0.02,
      "sum": 5,
      "max": 1.0
    },
    "not_done_serve_attempts": {
      "mean": 0.0,
      "sum": 0,
      "max": 0.0
    },
    "wrong_done_soup_pickups": {
      "mean": 0.02,
      "sum": 5,
      "max": 1.0
    },
    "burnt_soup_pickups": {
      "mean": 0.016,
      "sum": 4,
      "max": 1.0
    },
    "wrong_pot_adds": {
      "mean": 23.764,
      "sum": 5941,
      "max": 260.0
    },
    "wrong_pot_add_seeds": [
      1,
      5,
      6,
      9,
      12,
      13,
      15,
      16,
      17,
      18,
      23,
      24,
      26,
      30,
      32,
      35,
      36,
      37,
      38,
      39,
      42,
      43,
      45,
      46,
      48,
      50,
      53,
      54,
      57,
      59,
      60,
      61,
      65,
      69,
      71,
      72,
      74,
      76,
      83,
      84,
      88,
      91,
      92,
      94,
      96,
      97,
      99,
      100,
      101,
      105,
      106,
      107,
      109,
      110,
      111,
      112,
      115,
      117,
      119,
      129,
      130,
      135,
      136,
      139,
      140,
      142,
      144,
      147,
      148,
      149,
      150,
      153,
      154,
      155,
      156,
      158,
      160,
      161,
      168,
      169,
      170,
      171,
      172,
      174,
      175,
      177,
      178,
      191,
      193,
      194,
      195,
      196,
      197,
      198,
      199,
      201,
      202,
      203,
      205,
      206,
      207,
      208,
      209,
      212,
      216,
      218,
      219,
      223,
      228,
      230,
      231,
      234,
      236,
      237,
      238,
      239,
      240,
      241,
      244,
      246
    ],
    "collision_attempts": {
      "mean": 8.32,
      "sum": 2080,
      "max": 172.0
    },
    "stuck_penalty_steps": {
      "mean": 0.0,
      "sum": 0,
      "max": 0.0
    },
    "both_idle_steps": {
      "mean": 66.16,
      "sum": 16540,
      "max": 310.0
    }
  }
}